avg_response_time_ms,request_per_sec
1.2282304763793945,814.1794388198399
