avg_response_time_ms,request_per_sec
1.1921453475952148,838.823891748763
