avg_response_time_ms,request_per_sec
1.6162896156311035,618.700999083964
