avg_response_time_ms,request_per_sec
1.1921453475952148,838.823891748763
1.2379860877990723,807.763520006779
1.134331226348877,881.5767183089414
