avg_response_time_ms,request_per_sec
1.2045528411865234,830.1835883056551
