avg_response_time_ms,request_per_sec
1.1890077590942383,841.0374048036318
