avg_response_time_ms,request_per_sec
1.2055039405822754,829.5286032138442
