avg_response_time_ms,request_per_sec
1.2705652952194213,787.0512470020709
