avg_response_time_ms,request_per_sec
0.002670021057128906,374.5288814595745
