avg_response_time_ms,request_per_sec
2.7089881896972656,369.1415133529068
2.752511501312256,363.3045673099827
