avg_response_time_ms,request_per_sec
2.5595381259918213,390.6954890982528
2.657258105278015,376.3277635746924
