avg_response_time_ms,request_per_sec
2.5955851793289186,385.2695754174969
2.673259234428406,374.0752064450716
