avg_response_time_ms,request_per_sec
2.506510019302368,398.96110220948884
2.4987852573394775,400.19445330997604
