avg_response_time_ms,request_per_sec
2.616654396057129,382.1673972332138
2.6265761852264404,380.72377478507775
4.398585557937622,227.34581079033802
