avg_response_time_ms,request_per_sec
2.483372688293457,402.6781822615548
2.541375160217285,393.48775247905587
2.5435400009155273,393.1528498234971
4.1393232345581055,241.58538566190404
