avg_response_time_ms,request_per_sec
2.24368953704834,445.5546503706472
