avg_response_time_ms,request_per_sec
1.8635764122009277,536.4093767896602
