avg_response_time_ms,request_per_sec
2.3511517524719237,425.1723612420207
