avg_response_time_ms,request_per_sec
2.3329973220825195,428.4641378831279
