avg_response_time_ms,request_per_sec
2.2804760932922363,438.3619369720102
