avg_response_time_ms,request_per_sec
1.9350719690322875,516.5807380758339
