avg_response_time_ms,request_per_sec
24.379665851593018,41.015807934761234
23.709709644317627,42.17482015914863
