avg_response_time_ms,request_per_sec
26.30123026371002,38.018946763888906
