avg_response_time_ms,request_per_sec
10.408732891082764,96.06247960194447
None,None
