avg_response_time_ms,request_per_sec
25.071799993515015,39.88317529906838
