avg_response_time_ms,request_per_sec
26.094072341918945,38.32089322396657
