avg_response_time_ms,request_per_sec
24.379665851593018,41.015807934761234
