avg_response_time_ms,request_per_sec
25.48457803726196,39.236621814931
