avg_response_time_ms,request_per_sec
26.01470947265625,38.43813901409195
