avg_response_time_ms,request_per_sec
10.408732891082764,96.06247960194447
9.28464651107788,107.69094886462837
10.060663223266602,99.38546134472479
