avg_response_time_ms,request_per_sec
11.889183521270752,84.0961690495195
11.637225151062012,85.91902728847813
